id,class
017001.png,0
017002.png,1
017003.png,1
017004.png,0
017005.png,0
017006.png,1
017007.png,0
017008.png,0
017009.png,0
017010.png,0
017011.png,0
017012.png,0
017013.png,0
017014.png,0
017015.png,0
017016.png,1
017017.png,0
017018.png,1
017019.png,0
017020.png,0
017021.png,0
017022.png,0
017023.png,0
017024.png,0
017025.png,0
017026.png,1
017027.png,0
017028.png,0
017029.png,0
017030.png,0
017031.png,0
017032.png,0
017033.png,0
017034.png,0
017035.png,0
017036.png,0
017037.png,0
017038.png,0
017039.png,0
017040.png,0
017041.png,0
017042.png,0
017043.png,0
017044.png,0
017045.png,0
017046.png,0
017047.png,0
017048.png,0
017049.png,0
017050.png,0
017051.png,0
017052.png,0
017053.png,1
017054.png,0
017055.png,1
017056.png,0
017057.png,0
017058.png,0
017059.png,0
017060.png,0
017061.png,0
017062.png,0
017063.png,0
017064.png,0
017065.png,0
017066.png,0
017067.png,0
017068.png,0
017069.png,0
017070.png,0
017071.png,0
017072.png,0
017073.png,0
017074.png,0
017075.png,0
017076.png,0
017077.png,0
017078.png,1
017079.png,0
017080.png,0
017081.png,1
017082.png,1
017083.png,0
017084.png,0
017085.png,0
017086.png,0
017087.png,0
017088.png,0
017089.png,0
017090.png,1
017091.png,0
017092.png,0
017093.png,0
017094.png,0
017095.png,0
017096.png,0
017097.png,0
017098.png,1
017099.png,0
017100.png,1
017101.png,0
017102.png,0
017103.png,0
017104.png,0
017105.png,0
017106.png,0
017107.png,1
017108.png,0
017109.png,0
017110.png,0
017111.png,0
017112.png,0
017113.png,0
017114.png,0
017115.png,0
017116.png,0
017117.png,0
017118.png,0
017119.png,0
017120.png,0
017121.png,1
017122.png,0
017123.png,0
017124.png,0
017125.png,0
017126.png,0
017127.png,0
017128.png,0
017129.png,0
017130.png,0
017131.png,0
017132.png,0
017133.png,1
017134.png,0
017135.png,0
017136.png,0
017137.png,0
017138.png,0
017139.png,0
017140.png,0
017141.png,0
017142.png,0
017143.png,0
017144.png,0
017145.png,0
017146.png,0
017147.png,0
017148.png,0
017149.png,0
017150.png,0
017151.png,0
017152.png,0
017153.png,0
017154.png,1
017155.png,0
017156.png,0
017157.png,0
017158.png,1
017159.png,0
017160.png,0
017161.png,0
017162.png,0
017163.png,0
017164.png,0
017165.png,0
017166.png,0
017167.png,0
017168.png,1
017169.png,0
017170.png,0
017171.png,0
017172.png,0
017173.png,1
017174.png,0
017175.png,0
017176.png,0
017177.png,0
017178.png,0
017179.png,1
017180.png,0
017181.png,1
017182.png,0
017183.png,0
017184.png,1
017185.png,0
017186.png,0
017187.png,0
017188.png,0
017189.png,0
017190.png,1
017191.png,0
017192.png,0
017193.png,0
017194.png,0
017195.png,0
017196.png,0
017197.png,0
017198.png,0
017199.png,0
017200.png,0
017201.png,0
017202.png,0
017203.png,0
017204.png,0
017205.png,1
017206.png,0
017207.png,0
017208.png,1
017209.png,0
017210.png,1
017211.png,1
017212.png,0
017213.png,0
017214.png,0
017215.png,0
017216.png,0
017217.png,0
017218.png,0
017219.png,0
017220.png,0
017221.png,0
017222.png,0
017223.png,1
017224.png,0
017225.png,0
017226.png,0
017227.png,0
017228.png,0
017229.png,1
017230.png,0
017231.png,0
017232.png,0
017233.png,0
017234.png,0
017235.png,0
017236.png,0
017237.png,0
017238.png,0
017239.png,0
017240.png,0
017241.png,0
017242.png,0
017243.png,0
017244.png,0
017245.png,0
017246.png,0
017247.png,0
017248.png,0
017249.png,0
017250.png,0
017251.png,0
017252.png,0
017253.png,0
017254.png,0
017255.png,0
017256.png,1
017257.png,0
017258.png,1
017259.png,0
017260.png,1
017261.png,0
017262.png,0
017263.png,0
017264.png,1
017265.png,0
017266.png,0
017267.png,1
017268.png,0
017269.png,0
017270.png,0
017271.png,0
017272.png,0
017273.png,1
017274.png,0
017275.png,0
017276.png,0
017277.png,0
017278.png,0
017279.png,0
017280.png,0
017281.png,0
017282.png,0
017283.png,0
017284.png,0
017285.png,1
017286.png,0
017287.png,0
017288.png,0
017289.png,0
017290.png,0
017291.png,0
017292.png,0
017293.png,0
017294.png,1
017295.png,0
017296.png,1
017297.png,0
017298.png,0
017299.png,0
017300.png,0
017301.png,0
017302.png,1
017303.png,0
017304.png,0
017305.png,0
017306.png,1
017307.png,0
017308.png,1
017309.png,0
017310.png,0
017311.png,0
017312.png,0
017313.png,0
017314.png,0
017315.png,0
017316.png,0
017317.png,0
017318.png,0
017319.png,0
017320.png,0
017321.png,0
017322.png,0
017323.png,0
017324.png,0
017325.png,0
017326.png,0
017327.png,0
017328.png,0
017329.png,0
017330.png,0
017331.png,0
017332.png,0
017333.png,0
017334.png,0
017335.png,0
017336.png,1
017337.png,0
017338.png,0
017339.png,1
017340.png,0
017341.png,0
017342.png,1
017343.png,0
017344.png,1
017345.png,0
017346.png,0
017347.png,0
017348.png,0
017349.png,0
017350.png,0
017351.png,0
017352.png,0
017353.png,0
017354.png,0
017355.png,0
017356.png,0
017357.png,1
017358.png,0
017359.png,0
017360.png,0
017361.png,0
017362.png,0
017363.png,0
017364.png,0
017365.png,1
017366.png,0
017367.png,1
017368.png,0
017369.png,0
017370.png,0
017371.png,0
017372.png,1
017373.png,1
017374.png,1
017375.png,0
017376.png,0
017377.png,0
017378.png,0
017379.png,0
017380.png,0
017381.png,0
017382.png,0
017383.png,1
017384.png,0
017385.png,0
017386.png,0
017387.png,0
017388.png,0
017389.png,0
017390.png,1
017391.png,0
017392.png,0
017393.png,1
017394.png,0
017395.png,0
017396.png,0
017397.png,0
017398.png,1
017399.png,0
017400.png,0
017401.png,0
017402.png,0
017403.png,0
017404.png,0
017405.png,0
017406.png,1
017407.png,0
017408.png,0
017409.png,0
017410.png,1
017411.png,1
017412.png,0
017413.png,0
017414.png,0
017415.png,1
017416.png,1
017417.png,0
017418.png,0
017419.png,1
017420.png,0
017421.png,0
017422.png,0
017423.png,0
017424.png,0
017425.png,0
017426.png,1
017427.png,0
017428.png,0
017429.png,0
017430.png,1
017431.png,0
017432.png,0
017433.png,0
017434.png,1
017435.png,0
017436.png,1
017437.png,0
017438.png,0
017439.png,0
017440.png,0
017441.png,0
017442.png,0
017443.png,0
017444.png,0
017445.png,1
017446.png,0
017447.png,0
017448.png,0
017449.png,0
017450.png,0
017451.png,1
017452.png,0
017453.png,0
017454.png,0
017455.png,0
017456.png,0
017457.png,0
017458.png,0
017459.png,0
017460.png,0
017461.png,0
017462.png,0
017463.png,0
017464.png,0
017465.png,0
017466.png,0
017467.png,0
017468.png,0
017469.png,0
017470.png,1
017471.png,0
017472.png,1
017473.png,0
017474.png,0
017475.png,1
017476.png,0
017477.png,0
017478.png,0
017479.png,1
017480.png,0
017481.png,0
017482.png,0
017483.png,0
017484.png,0
017485.png,0
017486.png,0
017487.png,0
017488.png,0
017489.png,0
017490.png,0
017491.png,0
017492.png,0
017493.png,0
017494.png,1
017495.png,0
017496.png,0
017497.png,0
017498.png,0
017499.png,1
017500.png,0
017501.png,0
017502.png,1
017503.png,0
017504.png,0
017505.png,0
017506.png,0
017507.png,0
017508.png,0
017509.png,0
017510.png,0
017511.png,0
017512.png,0
017513.png,0
017514.png,0
017515.png,0
017516.png,0
017517.png,0
017518.png,0
017519.png,0
017520.png,1
017521.png,0
017522.png,0
017523.png,0
017524.png,1
017525.png,0
017526.png,0
017527.png,0
017528.png,0
017529.png,0
017530.png,0
017531.png,0
017532.png,0
017533.png,1
017534.png,0
017535.png,0
017536.png,1
017537.png,0
017538.png,0
017539.png,0
017540.png,0
017541.png,0
017542.png,0
017543.png,0
017544.png,1
017545.png,0
017546.png,0
017547.png,0
017548.png,0
017549.png,1
017550.png,0
017551.png,0
017552.png,0
017553.png,0
017554.png,0
017555.png,0
017556.png,0
017557.png,0
017558.png,1
017559.png,0
017560.png,0
017561.png,0
017562.png,0
017563.png,0
017564.png,0
017565.png,1
017566.png,0
017567.png,0
017568.png,0
017569.png,0
017570.png,0
017571.png,0
017572.png,1
017573.png,0
017574.png,0
017575.png,0
017576.png,0
017577.png,0
017578.png,0
017579.png,0
017580.png,0
017581.png,0
017582.png,0
017583.png,0
017584.png,0
017585.png,0
017586.png,0
017587.png,0
017588.png,0
017589.png,0
017590.png,0
017591.png,0
017592.png,0
017593.png,1
017594.png,0
017595.png,0
017596.png,0
017597.png,0
017598.png,0
017599.png,0
017600.png,0
017601.png,0
017602.png,1
017603.png,0
017604.png,0
017605.png,0
017606.png,0
017607.png,0
017608.png,0
017609.png,0
017610.png,0
017611.png,0
017612.png,0
017613.png,0
017614.png,0
017615.png,0
017616.png,0
017617.png,0
017618.png,1
017619.png,0
017620.png,0
017621.png,1
017622.png,0
017623.png,0
017624.png,0
017625.png,1
017626.png,0
017627.png,0
017628.png,0
017629.png,0
017630.png,0
017631.png,0
017632.png,0
017633.png,0
017634.png,0
017635.png,1
017636.png,0
017637.png,0
017638.png,1
017639.png,1
017640.png,0
017641.png,0
017642.png,0
017643.png,0
017644.png,0
017645.png,0
017646.png,0
017647.png,1
017648.png,0
017649.png,0
017650.png,0
017651.png,0
017652.png,0
017653.png,0
017654.png,0
017655.png,0
017656.png,0
017657.png,0
017658.png,0
017659.png,1
017660.png,0
017661.png,0
017662.png,0
017663.png,0
017664.png,0
017665.png,0
017666.png,0
017667.png,0
017668.png,0
017669.png,0
017670.png,0
017671.png,0
017672.png,0
017673.png,0
017674.png,0
017675.png,0
017676.png,0
017677.png,0
017678.png,0
017679.png,0
017680.png,0
017681.png,0
017682.png,0
017683.png,0
017684.png,0
017685.png,0
017686.png,0
017687.png,0
017688.png,0
017689.png,0
017690.png,0
017691.png,0
017692.png,0
017693.png,0
017694.png,0
017695.png,0
017696.png,1
017697.png,1
017698.png,1
017699.png,0
017700.png,0
017701.png,0
017702.png,1
017703.png,0
017704.png,1
017705.png,0
017706.png,0
017707.png,1
017708.png,1
017709.png,0
017710.png,1
017711.png,0
017712.png,1
017713.png,0
017714.png,0
017715.png,0
017716.png,0
017717.png,0
017718.png,1
017719.png,0
017720.png,1
017721.png,1
017722.png,0
017723.png,0
017724.png,0
017725.png,0
017726.png,0
017727.png,0
017728.png,0
017729.png,0
017730.png,0
017731.png,0
017732.png,0
017733.png,1
017734.png,0
017735.png,0
017736.png,0
017737.png,0
017738.png,0
017739.png,0
017740.png,0
017741.png,0
017742.png,0
017743.png,0
017744.png,0
017745.png,0
017746.png,0
017747.png,0
017748.png,1
017749.png,0
017750.png,1
017751.png,1
017752.png,0
017753.png,0
017754.png,0
017755.png,0
017756.png,0
017757.png,0
017758.png,0
017759.png,1
017760.png,1
017761.png,0
017762.png,0
017763.png,0
017764.png,0
017765.png,0
017766.png,0
017767.png,0
017768.png,0
017769.png,1
017770.png,0
017771.png,0
017772.png,0
017773.png,1
017774.png,0
017775.png,1
017776.png,0
017777.png,0
017778.png,0
017779.png,0
017780.png,0
017781.png,0
017782.png,0
017783.png,0
017784.png,0
017785.png,0
017786.png,0
017787.png,0
017788.png,1
017789.png,0
017790.png,0
017791.png,0
017792.png,0
017793.png,0
017794.png,0
017795.png,0
017796.png,1
017797.png,0
017798.png,0
017799.png,0
017800.png,0
017801.png,0
017802.png,0
017803.png,0
017804.png,0
017805.png,0
017806.png,0
017807.png,0
017808.png,0
017809.png,0
017810.png,0
017811.png,0
017812.png,0
017813.png,0
017814.png,0
017815.png,1
017816.png,0
017817.png,1
017818.png,0
017819.png,0
017820.png,0
017821.png,0
017822.png,0
017823.png,0
017824.png,0
017825.png,0
017826.png,1
017827.png,0
017828.png,0
017829.png,0
017830.png,0
017831.png,0
017832.png,0
017833.png,0
017834.png,0
017835.png,0
017836.png,0
017837.png,0
017838.png,0
017839.png,0
017840.png,0
017841.png,0
017842.png,1
017843.png,0
017844.png,0
017845.png,0
017846.png,0
017847.png,0
017848.png,0
017849.png,0
017850.png,0
017851.png,0
017852.png,0
017853.png,0
017854.png,0
017855.png,0
017856.png,0
017857.png,1
017858.png,0
017859.png,0
017860.png,0
017861.png,0
017862.png,0
017863.png,0
017864.png,0
017865.png,0
017866.png,0
017867.png,0
017868.png,0
017869.png,0
017870.png,1
017871.png,0
017872.png,0
017873.png,0
017874.png,0
017875.png,0
017876.png,0
017877.png,0
017878.png,0
017879.png,0
017880.png,0
017881.png,0
017882.png,0
017883.png,0
017884.png,0
017885.png,0
017886.png,1
017887.png,0
017888.png,1
017889.png,0
017890.png,0
017891.png,0
017892.png,0
017893.png,0
017894.png,0
017895.png,0
017896.png,0
017897.png,0
017898.png,0
017899.png,0
017900.png,0
017901.png,1
017902.png,0
017903.png,0
017904.png,0
017905.png,0
017906.png,0
017907.png,0
017908.png,0
017909.png,0
017910.png,0
017911.png,0
017912.png,0
017913.png,0
017914.png,0
017915.png,0
017916.png,1
017917.png,0
017918.png,0
017919.png,0
017920.png,1
017921.png,0
017922.png,0
017923.png,1
017924.png,0
017925.png,0
017926.png,0
017927.png,0
017928.png,0
017929.png,0
017930.png,0
017931.png,0
017932.png,1
017933.png,0
017934.png,0
017935.png,0
017936.png,0
017937.png,0
017938.png,0
017939.png,0
017940.png,0
017941.png,0
017942.png,0
017943.png,0
017944.png,0
017945.png,0
017946.png,0
017947.png,0
017948.png,0
017949.png,0
017950.png,0
017951.png,0
017952.png,0
017953.png,0
017954.png,0
017955.png,0
017956.png,1
017957.png,0
017958.png,0
017959.png,1
017960.png,0
017961.png,1
017962.png,0
017963.png,0
017964.png,0
017965.png,0
017966.png,1
017967.png,1
017968.png,0
017969.png,0
017970.png,0
017971.png,0
017972.png,0
017973.png,0
017974.png,0
017975.png,1
017976.png,0
017977.png,0
017978.png,0
017979.png,1
017980.png,0
017981.png,0
017982.png,0
017983.png,0
017984.png,0
017985.png,0
017986.png,0
017987.png,0
017988.png,0
017989.png,1
017990.png,0
017991.png,0
017992.png,1
017993.png,0
017994.png,0
017995.png,0
017996.png,1
017997.png,0
017998.png,0
017999.png,0
018000.png,0
018001.png,0
018002.png,0
018003.png,0
018004.png,1
018005.png,0
018006.png,0
018007.png,0
018008.png,1
018009.png,0
018010.png,0
018011.png,0
018012.png,0
018013.png,0
018014.png,0
018015.png,0
018016.png,0
018017.png,0
018018.png,0
018019.png,0
018020.png,0
018021.png,0
018022.png,0
018023.png,0
018024.png,0
018025.png,0
018026.png,1
018027.png,1
018028.png,0
018029.png,0
018030.png,0
018031.png,0
018032.png,0
018033.png,0
018034.png,0
018035.png,0
018036.png,0
018037.png,0
018038.png,0
018039.png,0
018040.png,0
018041.png,1
018042.png,0
018043.png,1
018044.png,0
018045.png,0
018046.png,0
018047.png,0
018048.png,0
018049.png,0
018050.png,0
018051.png,0
018052.png,0
018053.png,0
018054.png,1
018055.png,1
018056.png,0
018057.png,0
018058.png,0
018059.png,0
018060.png,0
018061.png,0
018062.png,0
018063.png,1
018064.png,0
018065.png,0
018066.png,1
018067.png,0
018068.png,0
018069.png,0
018070.png,0
018071.png,0
018072.png,1
018073.png,0
018074.png,0
018075.png,0
018076.png,0
018077.png,0
018078.png,0
018079.png,1
018080.png,1
018081.png,0
018082.png,0
018083.png,1
018084.png,0
018085.png,0
018086.png,0
018087.png,0
018088.png,0
018089.png,0
018090.png,0
018091.png,0
018092.png,0
018093.png,1
018094.png,1
018095.png,0
018096.png,0
018097.png,0
018098.png,0
018099.png,0
018100.png,0
018101.png,0
018102.png,0
018103.png,0
018104.png,0
018105.png,0
018106.png,1
018107.png,1
018108.png,0
018109.png,0
018110.png,0
018111.png,0
018112.png,0
018113.png,0
018114.png,0
018115.png,0
018116.png,0
018117.png,0
018118.png,1
018119.png,0
018120.png,0
018121.png,0
018122.png,0
018123.png,0
018124.png,1
018125.png,0
018126.png,0
018127.png,1
018128.png,0
018129.png,0
018130.png,0
018131.png,0
018132.png,0
018133.png,0
018134.png,0
018135.png,0
018136.png,1
018137.png,0
018138.png,0
018139.png,0
018140.png,0
018141.png,0
018142.png,0
018143.png,0
018144.png,0
018145.png,0
018146.png,1
018147.png,0
018148.png,0
018149.png,0
018150.png,0
018151.png,0
018152.png,0
018153.png,1
018154.png,0
018155.png,0
018156.png,0
018157.png,0
018158.png,0
018159.png,0
018160.png,0
018161.png,0
018162.png,0
018163.png,0
018164.png,0
018165.png,0
018166.png,0
018167.png,0
018168.png,0
018169.png,0
018170.png,1
018171.png,0
018172.png,0
018173.png,1
018174.png,0
018175.png,0
018176.png,1
018177.png,1
018178.png,0
018179.png,0
018180.png,0
018181.png,0
018182.png,0
018183.png,0
018184.png,0
018185.png,0
018186.png,0
018187.png,0
018188.png,0
018189.png,0
018190.png,0
018191.png,0
018192.png,0
018193.png,0
018194.png,1
018195.png,0
018196.png,1
018197.png,0
018198.png,0
018199.png,0
018200.png,0
018201.png,0
018202.png,0
018203.png,0
018204.png,1
018205.png,0
018206.png,0
018207.png,0
018208.png,0
018209.png,0
018210.png,0
018211.png,0
018212.png,0
018213.png,0
018214.png,0
018215.png,0
018216.png,0
018217.png,0
018218.png,0
018219.png,0
018220.png,0
018221.png,0
018222.png,0
018223.png,0
018224.png,0
018225.png,0
018226.png,0
018227.png,0
018228.png,0
018229.png,0
018230.png,1
018231.png,1
018232.png,0
018233.png,0
018234.png,0
018235.png,0
018236.png,0
018237.png,0
018238.png,0
018239.png,0
018240.png,1
018241.png,0
018242.png,0
018243.png,0
018244.png,0
018245.png,1
018246.png,0
018247.png,0
018248.png,0
018249.png,0
018250.png,1
018251.png,0
018252.png,0
018253.png,1
018254.png,1
018255.png,1
018256.png,0
018257.png,1
018258.png,1
018259.png,0
018260.png,0
018261.png,0
018262.png,0
018263.png,0
018264.png,0
018265.png,0
018266.png,0
018267.png,0
018268.png,0
018269.png,0
018270.png,0
018271.png,0
018272.png,0
018273.png,0
018274.png,0
018275.png,1
018276.png,0
018277.png,0
018278.png,0
018279.png,0
018280.png,0
018281.png,0
018282.png,0
018283.png,0
018284.png,0
018285.png,0
018286.png,0
018287.png,0
018288.png,0
018289.png,0
018290.png,0
018291.png,0
018292.png,0
018293.png,1
018294.png,0
018295.png,0
018296.png,0
018297.png,0
018298.png,0
018299.png,1
018300.png,0
018301.png,0
018302.png,0
018303.png,0
018304.png,0
018305.png,0
018306.png,0
018307.png,0
018308.png,0
018309.png,0
018310.png,0
018311.png,0
018312.png,0
018313.png,1
018314.png,0
018315.png,1
018316.png,1
018317.png,1
018318.png,0
018319.png,0
018320.png,0
018321.png,1
018322.png,1
018323.png,0
018324.png,0
018325.png,0
018326.png,0
018327.png,0
018328.png,0
018329.png,0
018330.png,0
018331.png,0
018332.png,0
018333.png,0
018334.png,1
018335.png,0
018336.png,1
018337.png,0
018338.png,0
018339.png,1
018340.png,0
018341.png,0
018342.png,0
018343.png,0
018344.png,1
018345.png,0
018346.png,1
018347.png,0
018348.png,1
018349.png,0
018350.png,0
018351.png,0
018352.png,0
018353.png,0
018354.png,0
018355.png,0
018356.png,0
018357.png,0
018358.png,0
018359.png,0
018360.png,0
018361.png,0
018362.png,0
018363.png,0
018364.png,0
018365.png,1
018366.png,0
018367.png,0
018368.png,1
018369.png,0
018370.png,0
018371.png,0
018372.png,0
018373.png,0
018374.png,0
018375.png,0
018376.png,0
018377.png,0
018378.png,0
018379.png,0
018380.png,0
018381.png,0
018382.png,0
018383.png,1
018384.png,1
018385.png,0
018386.png,0
018387.png,0
018388.png,0
018389.png,0
018390.png,0
018391.png,0
018392.png,0
018393.png,0
018394.png,0
018395.png,0
018396.png,0
018397.png,0
018398.png,0
018399.png,0
018400.png,0
018401.png,0
018402.png,0
018403.png,1
018404.png,0
018405.png,0
018406.png,0
018407.png,0
018408.png,1
018409.png,1
018410.png,0
018411.png,0
018412.png,0
018413.png,0
018414.png,0
018415.png,0
018416.png,0
018417.png,0
018418.png,0
018419.png,0
018420.png,0
018421.png,0
018422.png,0
018423.png,0
018424.png,0
018425.png,1
018426.png,0
018427.png,0
018428.png,0
018429.png,0
018430.png,1
018431.png,0
018432.png,0
018433.png,1
018434.png,1
018435.png,0
018436.png,0
018437.png,0
018438.png,1
018439.png,0
018440.png,1
018441.png,1
018442.png,0
018443.png,0
018444.png,1
018445.png,0
018446.png,0
018447.png,0
018448.png,0
018449.png,0
018450.png,1
018451.png,0
018452.png,0
018453.png,0
018454.png,0
018455.png,0
018456.png,0
018457.png,0
018458.png,0
018459.png,1
018460.png,0
018461.png,0
018462.png,0
018463.png,0
018464.png,0
018465.png,0
018466.png,0
018467.png,1
018468.png,0
018469.png,0
018470.png,1
018471.png,0
018472.png,0
018473.png,0
018474.png,0
018475.png,1
018476.png,0
018477.png,0
018478.png,0
018479.png,0
018480.png,1
018481.png,0
018482.png,0
018483.png,0
018484.png,0
018485.png,0
018486.png,0
018487.png,0
018488.png,0
018489.png,0
018490.png,0
018491.png,0
018492.png,0
018493.png,0
018494.png,1
018495.png,0
018496.png,0
018497.png,0
018498.png,0
018499.png,0
018500.png,0
018501.png,0
018502.png,0
018503.png,1
018504.png,0
018505.png,0
018506.png,0
018507.png,0
018508.png,0
018509.png,0
018510.png,0
018511.png,0
018512.png,0
018513.png,0
018514.png,0
018515.png,0
018516.png,0
018517.png,0
018518.png,0
018519.png,0
018520.png,0
018521.png,0
018522.png,1
018523.png,0
018524.png,0
018525.png,1
018526.png,0
018527.png,0
018528.png,1
018529.png,0
018530.png,0
018531.png,0
018532.png,0
018533.png,0
018534.png,0
018535.png,0
018536.png,0
018537.png,0
018538.png,0
018539.png,0
018540.png,0
018541.png,0
018542.png,0
018543.png,0
018544.png,1
018545.png,0
018546.png,0
018547.png,1
018548.png,0
018549.png,0
018550.png,0
018551.png,1
018552.png,1
018553.png,0
018554.png,0
018555.png,0
018556.png,0
018557.png,0
018558.png,0
018559.png,0
018560.png,0
018561.png,0
018562.png,0
018563.png,0
018564.png,0
018565.png,0
018566.png,0
018567.png,0
018568.png,0
018569.png,0
018570.png,0
018571.png,0
018572.png,0
018573.png,1
018574.png,0
018575.png,0
018576.png,1
018577.png,0
018578.png,0
018579.png,0
018580.png,0
018581.png,0
018582.png,0
018583.png,1
018584.png,0
018585.png,0
018586.png,0
018587.png,1
018588.png,0
018589.png,0
018590.png,0
018591.png,0
018592.png,0
018593.png,0
018594.png,0
018595.png,0
018596.png,0
018597.png,1
018598.png,0
018599.png,0
018600.png,0
018601.png,0
018602.png,0
018603.png,0
018604.png,0
018605.png,0
018606.png,0
018607.png,0
018608.png,1
018609.png,0
018610.png,0
018611.png,0
018612.png,0
018613.png,0
018614.png,0
018615.png,0
018616.png,0
018617.png,0
018618.png,0
018619.png,0
018620.png,0
018621.png,1
018622.png,0
018623.png,0
018624.png,0
018625.png,0
018626.png,0
018627.png,0
018628.png,0
018629.png,0
018630.png,0
018631.png,0
018632.png,0
018633.png,0
018634.png,1
018635.png,0
018636.png,0
018637.png,1
018638.png,0
018639.png,0
018640.png,0
018641.png,0
018642.png,0
018643.png,0
018644.png,1
018645.png,0
018646.png,0
018647.png,0
018648.png,1
018649.png,0
018650.png,0
018651.png,0
018652.png,0
018653.png,0
018654.png,0
018655.png,0
018656.png,1
018657.png,0
018658.png,0
018659.png,0
018660.png,0
018661.png,1
018662.png,0
018663.png,1
018664.png,0
018665.png,1
018666.png,0
018667.png,0
018668.png,0
018669.png,1
018670.png,0
018671.png,0
018672.png,0
018673.png,1
018674.png,0
018675.png,0
018676.png,0
018677.png,0
018678.png,0
018679.png,0
018680.png,0
018681.png,0
018682.png,1
018683.png,0
018684.png,0
018685.png,0
018686.png,0
018687.png,0
018688.png,0
018689.png,0
018690.png,0
018691.png,0
018692.png,0
018693.png,0
018694.png,1
018695.png,0
018696.png,0
018697.png,0
018698.png,0
018699.png,0
018700.png,0
018701.png,0
018702.png,0
018703.png,0
018704.png,0
018705.png,1
018706.png,0
018707.png,0
018708.png,0
018709.png,1
018710.png,0
018711.png,1
018712.png,0
018713.png,0
018714.png,0
018715.png,0
018716.png,0
018717.png,0
018718.png,0
018719.png,1
018720.png,0
018721.png,0
018722.png,0
018723.png,0
018724.png,0
018725.png,0
018726.png,0
018727.png,1
018728.png,0
018729.png,0
018730.png,0
018731.png,0
018732.png,0
018733.png,0
018734.png,0
018735.png,0
018736.png,0
018737.png,1
018738.png,0
018739.png,0
018740.png,1
018741.png,0
018742.png,0
018743.png,1
018744.png,0
018745.png,0
018746.png,1
018747.png,0
018748.png,1
018749.png,1
018750.png,0
018751.png,1
018752.png,0
018753.png,1
018754.png,0
018755.png,0
018756.png,0
018757.png,0
018758.png,0
018759.png,0
018760.png,0
018761.png,0
018762.png,0
018763.png,0
018764.png,0
018765.png,0
018766.png,0
018767.png,0
018768.png,0
018769.png,0
018770.png,0
018771.png,0
018772.png,1
018773.png,0
018774.png,0
018775.png,0
018776.png,0
018777.png,0
018778.png,0
018779.png,0
018780.png,0
018781.png,0
018782.png,0
018783.png,0
018784.png,0
018785.png,0
018786.png,0
018787.png,0
018788.png,0
018789.png,0
018790.png,1
018791.png,0
018792.png,1
018793.png,1
018794.png,0
018795.png,0
018796.png,0
018797.png,0
018798.png,1
018799.png,0
018800.png,0
018801.png,0
018802.png,0
018803.png,0
018804.png,0
018805.png,1
018806.png,0
018807.png,0
018808.png,0
018809.png,0
018810.png,0
018811.png,0
018812.png,0
018813.png,0
018814.png,0
018815.png,0
018816.png,0
018817.png,0
018818.png,0
018819.png,0
018820.png,1
018821.png,0
018822.png,0
018823.png,0
018824.png,1
018825.png,0
018826.png,0
018827.png,0
018828.png,1
018829.png,0
018830.png,0
018831.png,0
018832.png,0
018833.png,0
018834.png,0
018835.png,1
018836.png,1
018837.png,0
018838.png,0
018839.png,0
018840.png,0
018841.png,0
018842.png,0
018843.png,0
018844.png,0
018845.png,0
018846.png,0
018847.png,0
018848.png,0
018849.png,0
018850.png,0
018851.png,0
018852.png,0
018853.png,0
018854.png,0
018855.png,0
018856.png,0
018857.png,0
018858.png,0
018859.png,0
018860.png,0
018861.png,1
018862.png,1
018863.png,0
018864.png,0
018865.png,0
018866.png,1
018867.png,1
018868.png,1
018869.png,0
018870.png,0
018871.png,0
018872.png,0
018873.png,0
018874.png,0
018875.png,0
018876.png,0
018877.png,1
018878.png,1
018879.png,0
018880.png,0
018881.png,0
018882.png,0
018883.png,1
018884.png,0
018885.png,0
018886.png,1
018887.png,0
018888.png,0
018889.png,0
018890.png,0
018891.png,0
018892.png,0
018893.png,0
018894.png,0
018895.png,0
018896.png,0
018897.png,1
018898.png,0
018899.png,1
018900.png,0
018901.png,0
018902.png,0
018903.png,0
018904.png,0
018905.png,0
018906.png,0
018907.png,0
018908.png,1
018909.png,0
018910.png,0
018911.png,1
018912.png,0
018913.png,0
018914.png,0
018915.png,0
018916.png,0
018917.png,0
018918.png,0
018919.png,0
018920.png,0
018921.png,0
018922.png,0
018923.png,0
018924.png,0
018925.png,0
018926.png,0
018927.png,1
018928.png,0
018929.png,0
018930.png,0
018931.png,1
018932.png,0
018933.png,1
018934.png,0
018935.png,0
018936.png,1
018937.png,1
018938.png,0
018939.png,1
018940.png,0
018941.png,0
018942.png,0
018943.png,0
018944.png,0
018945.png,1
018946.png,0
018947.png,0
018948.png,0
018949.png,0
018950.png,1
018951.png,0
018952.png,0
018953.png,0
018954.png,0
018955.png,0
018956.png,0
018957.png,0
018958.png,0
018959.png,0
018960.png,0
018961.png,0
018962.png,1
018963.png,0
018964.png,1
018965.png,0
018966.png,1
018967.png,0
018968.png,0
018969.png,0
018970.png,0
018971.png,0
018972.png,0
018973.png,0
018974.png,0
018975.png,0
018976.png,0
018977.png,0
018978.png,0
018979.png,0
018980.png,1
018981.png,0
018982.png,1
018983.png,0
018984.png,0
018985.png,0
018986.png,0
018987.png,0
018988.png,0
018989.png,0
018990.png,0
018991.png,1
018992.png,0
018993.png,1
018994.png,0
018995.png,0
018996.png,0
018997.png,0
018998.png,0
018999.png,0
019000.png,0
019001.png,0
019002.png,0
019003.png,0
019004.png,0
019005.png,1
019006.png,0
019007.png,0
019008.png,1
019009.png,1
019010.png,0
019011.png,1
019012.png,0
019013.png,0
019014.png,0
019015.png,0
019016.png,0
019017.png,0
019018.png,0
019019.png,0
019020.png,0
019021.png,0
019022.png,0
019023.png,1
019024.png,0
019025.png,0
019026.png,0
019027.png,0
019028.png,0
019029.png,1
019030.png,0
019031.png,0
019032.png,0
019033.png,0
019034.png,0
019035.png,0
019036.png,0
019037.png,0
019038.png,0
019039.png,0
019040.png,0
019041.png,0
019042.png,0
019043.png,1
019044.png,0
019045.png,0
019046.png,0
019047.png,0
019048.png,0
019049.png,0
019050.png,0
019051.png,0
019052.png,1
019053.png,0
019054.png,1
019055.png,0
019056.png,0
019057.png,0
019058.png,0
019059.png,0
019060.png,0
019061.png,0
019062.png,0
019063.png,0
019064.png,1
019065.png,0
019066.png,1
019067.png,0
019068.png,0
019069.png,0
019070.png,1
019071.png,1
019072.png,0
019073.png,0
019074.png,0
019075.png,0
019076.png,0
019077.png,1
019078.png,0
019079.png,0
019080.png,0
019081.png,0
019082.png,0
019083.png,0
019084.png,0
019085.png,0
019086.png,0
019087.png,0
019088.png,0
019089.png,0
019090.png,0
019091.png,0
019092.png,0
019093.png,0
019094.png,0
019095.png,1
019096.png,0
019097.png,0
019098.png,0
019099.png,0
019100.png,0
019101.png,0
019102.png,0
019103.png,0
019104.png,0
019105.png,0
019106.png,0
019107.png,1
019108.png,0
019109.png,0
019110.png,0
019111.png,0
019112.png,0
019113.png,1
019114.png,0
019115.png,0
019116.png,1
019117.png,0
019118.png,0
019119.png,0
019120.png,0
019121.png,0
019122.png,0
019123.png,0
019124.png,1
019125.png,0
019126.png,0
019127.png,1
019128.png,0
019129.png,1
019130.png,0
019131.png,0
019132.png,0
019133.png,0
019134.png,0
019135.png,0
019136.png,1
019137.png,0
019138.png,0
019139.png,0
019140.png,0
019141.png,0
019142.png,0
019143.png,1
019144.png,0
019145.png,1
019146.png,0
019147.png,0
019148.png,0
019149.png,1
019150.png,0
019151.png,0
019152.png,0
019153.png,1
019154.png,0
019155.png,0
019156.png,0
019157.png,0
019158.png,0
019159.png,0
019160.png,0
019161.png,1
019162.png,0
019163.png,0
019164.png,0
019165.png,0
019166.png,0
019167.png,0
019168.png,1
019169.png,0
019170.png,0
019171.png,0
019172.png,0
019173.png,0
019174.png,0
019175.png,0
019176.png,0
019177.png,0
019178.png,0
019179.png,1
019180.png,0
019181.png,0
019182.png,0
019183.png,0
019184.png,0
019185.png,0
019186.png,0
019187.png,1
019188.png,0
019189.png,0
019190.png,0
019191.png,0
019192.png,1
019193.png,1
019194.png,0
019195.png,0
019196.png,0
019197.png,0
019198.png,0
019199.png,0
019200.png,0
019201.png,0
019202.png,0
019203.png,0
019204.png,0
019205.png,0
019206.png,0
019207.png,0
019208.png,0
019209.png,0
019210.png,1
019211.png,0
019212.png,1
019213.png,1
019214.png,0
019215.png,0
019216.png,0
019217.png,0
019218.png,0
019219.png,0
019220.png,0
019221.png,0
019222.png,0
019223.png,0
019224.png,0
019225.png,0
019226.png,1
019227.png,0
019228.png,0
019229.png,0
019230.png,0
019231.png,0
019232.png,0
019233.png,0
019234.png,0
019235.png,0
019236.png,0
019237.png,0
019238.png,0
019239.png,0
019240.png,1
019241.png,0
019242.png,0
019243.png,0
019244.png,0
019245.png,1
019246.png,0
019247.png,0
019248.png,0
019249.png,0
019250.png,0
019251.png,0
019252.png,1
019253.png,1
019254.png,0
019255.png,0
019256.png,0
019257.png,0
019258.png,0
019259.png,0
019260.png,0
019261.png,0
019262.png,0
019263.png,0
019264.png,0
019265.png,0
019266.png,0
019267.png,0
019268.png,0
019269.png,0
019270.png,1
019271.png,0
019272.png,0
019273.png,0
019274.png,1
019275.png,0
019276.png,1
019277.png,1
019278.png,1
019279.png,0
019280.png,1
019281.png,0
019282.png,0
019283.png,0
019284.png,0
019285.png,0
019286.png,0
019287.png,0
019288.png,0
019289.png,0
019290.png,0
019291.png,0
019292.png,0
019293.png,0
019294.png,0
019295.png,1
019296.png,1
019297.png,1
019298.png,0
019299.png,0
019300.png,0
019301.png,0
019302.png,0
019303.png,0
019304.png,1
019305.png,0
019306.png,0
019307.png,1
019308.png,0
019309.png,0
019310.png,0
019311.png,0
019312.png,0
019313.png,0
019314.png,0
019315.png,0
019316.png,0
019317.png,0
019318.png,0
019319.png,0
019320.png,0
019321.png,1
019322.png,0
019323.png,0
019324.png,1
019325.png,1
019326.png,0
019327.png,0
019328.png,0
019329.png,0
019330.png,0
019331.png,0
019332.png,1
019333.png,0
019334.png,0
019335.png,0
019336.png,1
019337.png,0
019338.png,0
019339.png,0
019340.png,0
019341.png,0
019342.png,0
019343.png,0
019344.png,1
019345.png,0
019346.png,0
019347.png,0
019348.png,0
019349.png,0
019350.png,0
019351.png,0
019352.png,0
019353.png,0
019354.png,0
019355.png,1
019356.png,0
019357.png,0
019358.png,0
019359.png,0
019360.png,0
019361.png,0
019362.png,0
019363.png,0
019364.png,0
019365.png,0
019366.png,0
019367.png,0
019368.png,0
019369.png,0
019370.png,0
019371.png,0
019372.png,0
019373.png,0
019374.png,0
019375.png,0
019376.png,0
019377.png,0
019378.png,0
019379.png,0
019380.png,0
019381.png,0
019382.png,0
019383.png,0
019384.png,0
019385.png,0
019386.png,0
019387.png,0
019388.png,0
019389.png,1
019390.png,0
019391.png,0
019392.png,0
019393.png,1
019394.png,0
019395.png,0
019396.png,0
019397.png,0
019398.png,0
019399.png,0
019400.png,0
019401.png,0
019402.png,1
019403.png,1
019404.png,1
019405.png,0
019406.png,0
019407.png,0
019408.png,0
019409.png,0
019410.png,1
019411.png,0
019412.png,0
019413.png,0
019414.png,0
019415.png,0
019416.png,0
019417.png,0
019418.png,0
019419.png,0
019420.png,0
019421.png,0
019422.png,0
019423.png,0
019424.png,0
019425.png,1
019426.png,0
019427.png,0
019428.png,0
019429.png,0
019430.png,0
019431.png,0
019432.png,0
019433.png,0
019434.png,0
019435.png,0
019436.png,0
019437.png,0
019438.png,0
019439.png,0
019440.png,0
019441.png,1
019442.png,0
019443.png,0
019444.png,1
019445.png,0
019446.png,0
019447.png,0
019448.png,0
019449.png,0
019450.png,0
019451.png,0
019452.png,0
019453.png,0
019454.png,0
019455.png,0
019456.png,1
019457.png,0
019458.png,0
019459.png,0
019460.png,0
019461.png,0
019462.png,0
019463.png,0
019464.png,0
019465.png,0
019466.png,0
019467.png,0
019468.png,0
019469.png,0
019470.png,0
019471.png,0
019472.png,1
019473.png,1
019474.png,0
019475.png,0
019476.png,0
019477.png,0
019478.png,1
019479.png,0
019480.png,1
019481.png,0
019482.png,1
019483.png,1
019484.png,0
019485.png,1
019486.png,0
019487.png,0
019488.png,0
019489.png,0
019490.png,1
019491.png,0
019492.png,0
019493.png,0
019494.png,1
019495.png,0
019496.png,0
019497.png,0
019498.png,0
019499.png,0
019500.png,0
019501.png,1
019502.png,0
019503.png,0
019504.png,1
019505.png,0
019506.png,0
019507.png,1
019508.png,0
019509.png,0
019510.png,0
019511.png,1
019512.png,0
019513.png,0
019514.png,0
019515.png,0
019516.png,0
019517.png,0
019518.png,0
019519.png,0
019520.png,0
019521.png,0
019522.png,0
019523.png,0
019524.png,0
019525.png,1
019526.png,0
019527.png,0
019528.png,0
019529.png,0
019530.png,0
019531.png,0
019532.png,0
019533.png,0
019534.png,0
019535.png,0
019536.png,0
019537.png,0
019538.png,0
019539.png,0
019540.png,0
019541.png,0
019542.png,0
019543.png,0
019544.png,1
019545.png,0
019546.png,0
019547.png,0
019548.png,0
019549.png,0
019550.png,1
019551.png,0
019552.png,1
019553.png,0
019554.png,0
019555.png,0
019556.png,0
019557.png,0
019558.png,1
019559.png,1
019560.png,0
019561.png,0
019562.png,0
019563.png,0
019564.png,0
019565.png,1
019566.png,0
019567.png,0
019568.png,0
019569.png,0
019570.png,1
019571.png,0
019572.png,0
019573.png,0
019574.png,0
019575.png,0
019576.png,1
019577.png,0
019578.png,0
019579.png,0
019580.png,0
019581.png,0
019582.png,0
019583.png,0
019584.png,0
019585.png,1
019586.png,1
019587.png,0
019588.png,1
019589.png,0
019590.png,0
019591.png,1
019592.png,0
019593.png,0
019594.png,0
019595.png,0
019596.png,1
019597.png,0
019598.png,0
019599.png,1
019600.png,0
019601.png,0
019602.png,0
019603.png,0
019604.png,0
019605.png,0
019606.png,0
019607.png,1
019608.png,0
019609.png,0
019610.png,0
019611.png,0
019612.png,0
019613.png,0
019614.png,0
019615.png,0
019616.png,0
019617.png,0
019618.png,0
019619.png,0
019620.png,0
019621.png,0
019622.png,0
019623.png,1
019624.png,0
019625.png,1
019626.png,0
019627.png,0
019628.png,0
019629.png,0
019630.png,0
019631.png,0
019632.png,0
019633.png,0
019634.png,0
019635.png,1
019636.png,1
019637.png,0
019638.png,0
019639.png,0
019640.png,0
019641.png,0
019642.png,0
019643.png,0
019644.png,0
019645.png,0
019646.png,0
019647.png,0
019648.png,0
019649.png,0
019650.png,0
019651.png,0
019652.png,0
019653.png,1
019654.png,1
019655.png,1
019656.png,0
019657.png,0
019658.png,0
019659.png,0
019660.png,1
019661.png,0
019662.png,0
019663.png,0
019664.png,0
019665.png,0
019666.png,1
019667.png,0
019668.png,0
019669.png,0
019670.png,0
019671.png,0
019672.png,0
019673.png,0
019674.png,1
019675.png,0
019676.png,0
019677.png,0
019678.png,0
019679.png,0
019680.png,0
019681.png,1
019682.png,0
019683.png,0
019684.png,0
019685.png,0
019686.png,0
019687.png,1
019688.png,0
019689.png,1
019690.png,1
019691.png,1
019692.png,0
019693.png,1
019694.png,0
019695.png,0
019696.png,1
019697.png,1
019698.png,0
019699.png,0
019700.png,1
019701.png,1
019702.png,0
019703.png,0
019704.png,0
019705.png,0
019706.png,0
019707.png,0
019708.png,0
019709.png,0
019710.png,0
019711.png,0
019712.png,0
019713.png,0
019714.png,0
019715.png,0
019716.png,0
019717.png,0
019718.png,0
019719.png,0
019720.png,0
019721.png,0
019722.png,1
019723.png,0
019724.png,0
019725.png,1
019726.png,0
019727.png,0
019728.png,0
019729.png,0
019730.png,0
019731.png,0
019732.png,0
019733.png,0
019734.png,0
019735.png,0
019736.png,0
019737.png,0
019738.png,0
019739.png,0
019740.png,1
019741.png,0
019742.png,1
019743.png,0
019744.png,1
019745.png,0
019746.png,0
019747.png,1
019748.png,0
019749.png,0
019750.png,0
019751.png,0
019752.png,0
019753.png,0
019754.png,0
019755.png,0
019756.png,0
019757.png,1
019758.png,1
019759.png,0
019760.png,0
019761.png,0
019762.png,0
019763.png,0
019764.png,0
019765.png,0
019766.png,0
019767.png,0
019768.png,1
019769.png,1
019770.png,0
019771.png,0
019772.png,0
019773.png,0
019774.png,0
019775.png,0
019776.png,0
019777.png,0
019778.png,1
019779.png,0
019780.png,1
019781.png,0
019782.png,0
019783.png,0
019784.png,0
019785.png,0
019786.png,0
019787.png,0
019788.png,0
019789.png,0
019790.png,0
019791.png,1
019792.png,0
019793.png,1
019794.png,1
019795.png,0
019796.png,0
019797.png,0
019798.png,0
019799.png,0
019800.png,0
019801.png,1
019802.png,0
019803.png,0
019804.png,1
019805.png,0
019806.png,0
019807.png,0
019808.png,0
019809.png,0
019810.png,0
019811.png,0
019812.png,0
019813.png,0
019814.png,1
019815.png,0
019816.png,1
019817.png,1
019818.png,1
019819.png,0
019820.png,0
019821.png,0
019822.png,0
019823.png,1
019824.png,0
019825.png,0
019826.png,0
019827.png,0
019828.png,0
019829.png,0
019830.png,0
019831.png,0
019832.png,1
019833.png,0
019834.png,0
019835.png,0
019836.png,0
019837.png,0
019838.png,0
019839.png,1
019840.png,0
019841.png,0
019842.png,0
019843.png,0
019844.png,0
019845.png,0
019846.png,0
019847.png,0
019848.png,0
019849.png,0
019850.png,0
019851.png,0
019852.png,0
019853.png,0
019854.png,0
019855.png,0
019856.png,0
019857.png,0
019858.png,0
019859.png,0
019860.png,0
019861.png,0
019862.png,0
019863.png,0
019864.png,0
019865.png,0
019866.png,0
019867.png,1
019868.png,0
019869.png,0
019870.png,0
019871.png,0
019872.png,0
019873.png,0
019874.png,0
019875.png,0
019876.png,1
019877.png,0
019878.png,0
019879.png,0
019880.png,0
019881.png,0
019882.png,0
019883.png,0
019884.png,0
019885.png,0
019886.png,0
019887.png,0
019888.png,1
019889.png,0
019890.png,0
019891.png,0
019892.png,0
019893.png,0
019894.png,0
019895.png,1
019896.png,0
019897.png,1
019898.png,0
019899.png,0
019900.png,0
019901.png,0
019902.png,0
019903.png,0
019904.png,0
019905.png,0
019906.png,0
019907.png,0
019908.png,0
019909.png,0
019910.png,1
019911.png,0
019912.png,0
019913.png,0
019914.png,1
019915.png,0
019916.png,0
019917.png,0
019918.png,0
019919.png,0
019920.png,0
019921.png,1
019922.png,0
019923.png,0
019924.png,0
019925.png,0
019926.png,0
019927.png,0
019928.png,0
019929.png,0
019930.png,0
019931.png,0
019932.png,0
019933.png,1
019934.png,0
019935.png,0
019936.png,0
019937.png,0
019938.png,0
019939.png,0
019940.png,0
019941.png,0
019942.png,1
019943.png,0
019944.png,0
019945.png,0
019946.png,0
019947.png,0
019948.png,0
019949.png,0
019950.png,0
019951.png,0
019952.png,1
019953.png,0
019954.png,0
019955.png,0
019956.png,0
019957.png,0
019958.png,0
019959.png,0
019960.png,0
019961.png,0
019962.png,0
019963.png,0
019964.png,0
019965.png,0
019966.png,0
019967.png,0
019968.png,0
019969.png,1
019970.png,0
019971.png,0
019972.png,0
019973.png,0
019974.png,0
019975.png,0
019976.png,0
019977.png,0
019978.png,0
019979.png,0
019980.png,0
019981.png,1
019982.png,0
019983.png,1
019984.png,0
019985.png,0
019986.png,1
019987.png,0
019988.png,1
019989.png,0
019990.png,0
019991.png,0
019992.png,0
019993.png,0
019994.png,1
019995.png,0
019996.png,0
019997.png,0
019998.png,0
019999.png,0
020000.png,0
020001.png,0
020002.png,0
020003.png,0
020004.png,0
020005.png,0
020006.png,0
020007.png,0
020008.png,0
020009.png,0
020010.png,0
020011.png,0
020012.png,0
020013.png,0
020014.png,0
020015.png,0
020016.png,1
020017.png,0
020018.png,0
020019.png,0
020020.png,1
020021.png,0
020022.png,0
020023.png,1
020024.png,0
020025.png,1
020026.png,0
020027.png,0
020028.png,0
020029.png,0
020030.png,0
020031.png,0
020032.png,1
020033.png,1
020034.png,0
020035.png,0
020036.png,0
020037.png,0
020038.png,1
020039.png,0
020040.png,0
020041.png,0
020042.png,0
020043.png,0
020044.png,0
020045.png,0
020046.png,0
020047.png,0
020048.png,0
020049.png,0
020050.png,0
020051.png,1
020052.png,1
020053.png,0
020054.png,0
020055.png,0
020056.png,0
020057.png,1
020058.png,0
020059.png,0
020060.png,0
020061.png,0
020062.png,0
020063.png,0
020064.png,0
020065.png,0
020066.png,0
020067.png,1
020068.png,0
020069.png,0
020070.png,0
020071.png,0
020072.png,0
020073.png,1
020074.png,0
020075.png,0
020076.png,0
020077.png,0
020078.png,0
020079.png,0
020080.png,0
020081.png,0
020082.png,0
020083.png,0
020084.png,0
020085.png,0
020086.png,0
020087.png,0
020088.png,0
020089.png,0
020090.png,0
020091.png,0
020092.png,0
020093.png,0
020094.png,0
020095.png,0
020096.png,1
020097.png,0
020098.png,0
020099.png,1
020100.png,0
020101.png,0
020102.png,0
020103.png,0
020104.png,0
020105.png,0
020106.png,1
020107.png,0
020108.png,1
020109.png,1
020110.png,0
020111.png,1
020112.png,0
020113.png,0
020114.png,0
020115.png,0
020116.png,1
020117.png,1
020118.png,0
020119.png,0
020120.png,1
020121.png,0
020122.png,0
020123.png,0
020124.png,0
020125.png,1
020126.png,0
020127.png,0
020128.png,0
020129.png,0
020130.png,0
020131.png,1
020132.png,0
020133.png,0
020134.png,0
020135.png,0
020136.png,1
020137.png,0
020138.png,0
020139.png,0
020140.png,0
020141.png,0
020142.png,0
020143.png,1
020144.png,0
020145.png,0
020146.png,0
020147.png,0
020148.png,0
020149.png,1
020150.png,0
020151.png,0
020152.png,1
020153.png,0
020154.png,0
020155.png,0
020156.png,0
020157.png,0
020158.png,1
020159.png,0
020160.png,0
020161.png,0
020162.png,0
020163.png,0
020164.png,0
020165.png,1
020166.png,0
020167.png,1
020168.png,0
020169.png,0
020170.png,0
020171.png,0
020172.png,0
020173.png,0
020174.png,0
020175.png,0
020176.png,0
020177.png,0
020178.png,1
020179.png,0
020180.png,1
020181.png,0
020182.png,1
020183.png,0
020184.png,0
020185.png,0
020186.png,0
020187.png,0
020188.png,1
020189.png,0
020190.png,1
020191.png,0
020192.png,1
020193.png,0
020194.png,0
020195.png,0
020196.png,1
020197.png,0
020198.png,0
020199.png,0
020200.png,0
020201.png,0
020202.png,0
020203.png,0
020204.png,0
020205.png,1
020206.png,0
020207.png,0
020208.png,0
020209.png,0
020210.png,0
020211.png,0
020212.png,0
020213.png,0
020214.png,0
020215.png,1
020216.png,0
020217.png,0
020218.png,0
020219.png,0
020220.png,0
020221.png,0
020222.png,1
020223.png,0
020224.png,0
020225.png,0
020226.png,0
020227.png,0
020228.png,0
020229.png,0
020230.png,0
020231.png,0
020232.png,0
020233.png,0
020234.png,0
020235.png,1
020236.png,0
020237.png,0
020238.png,1
020239.png,0
020240.png,0
020241.png,0
020242.png,0
020243.png,0
020244.png,0
020245.png,0
020246.png,1
020247.png,1
020248.png,1
020249.png,0
020250.png,1
020251.png,0
020252.png,0
020253.png,0
020254.png,0
020255.png,1
020256.png,0
020257.png,0
020258.png,0
020259.png,1
020260.png,0
020261.png,0
020262.png,0
020263.png,1
020264.png,0
020265.png,1
020266.png,0
020267.png,0
020268.png,0
020269.png,0
020270.png,1
020271.png,0
020272.png,0
020273.png,0
020274.png,0
020275.png,0
020276.png,0
020277.png,1
020278.png,0
020279.png,1
020280.png,1
020281.png,0
020282.png,1
020283.png,0
020284.png,0
020285.png,0
020286.png,0
020287.png,0
020288.png,0
020289.png,0
020290.png,0
020291.png,0
020292.png,0
020293.png,0
020294.png,0
020295.png,1
020296.png,0
020297.png,0
020298.png,1
020299.png,0
020300.png,0
020301.png,0
020302.png,0
020303.png,0
020304.png,0
020305.png,0
020306.png,0
020307.png,0
020308.png,0
020309.png,0
020310.png,0
020311.png,0
020312.png,0
020313.png,0
020314.png,0
020315.png,0
020316.png,0
020317.png,0
020318.png,0
020319.png,0
020320.png,0
020321.png,0
020322.png,0
020323.png,0
020324.png,0
020325.png,0
020326.png,0
020327.png,0
020328.png,1
020329.png,0
020330.png,0
020331.png,0
020332.png,0
020333.png,0
020334.png,0
020335.png,0
020336.png,0
020337.png,0
020338.png,0
020339.png,0
020340.png,0
020341.png,0
020342.png,0
020343.png,0
020344.png,0
020345.png,0
020346.png,0
020347.png,0
020348.png,0
020349.png,0
020350.png,0
020351.png,0
020352.png,0
020353.png,1
020354.png,1
020355.png,0
020356.png,1
020357.png,0
020358.png,0
020359.png,0
020360.png,0
020361.png,0
020362.png,0
020363.png,1
020364.png,1
020365.png,0
020366.png,0
020367.png,0
020368.png,1
020369.png,0
020370.png,0
020371.png,0
020372.png,0
020373.png,1
020374.png,1
020375.png,0
020376.png,0
020377.png,0
020378.png,0
020379.png,0
020380.png,0
020381.png,0
020382.png,0
020383.png,0
020384.png,0
020385.png,0
020386.png,0
020387.png,1
020388.png,1
020389.png,0
020390.png,0
020391.png,0
020392.png,0
020393.png,0
020394.png,0
020395.png,0
020396.png,1
020397.png,0
020398.png,1
020399.png,0
020400.png,0
020401.png,0
020402.png,0
020403.png,0
020404.png,0
020405.png,0
020406.png,0
020407.png,0
020408.png,0
020409.png,0
020410.png,0
020411.png,0
020412.png,0
020413.png,1
020414.png,0
020415.png,1
020416.png,0
020417.png,0
020418.png,0
020419.png,0
020420.png,0
020421.png,0
020422.png,0
020423.png,0
020424.png,1
020425.png,0
020426.png,0
020427.png,1
020428.png,0
020429.png,0
020430.png,0
020431.png,0
020432.png,0
020433.png,0
020434.png,0
020435.png,0
020436.png,0
020437.png,1
020438.png,0
020439.png,0
020440.png,0
020441.png,0
020442.png,0
020443.png,0
020444.png,0
020445.png,0
020446.png,0
020447.png,0
020448.png,0
020449.png,0
020450.png,0
020451.png,0
020452.png,0
020453.png,1
020454.png,0
020455.png,1
020456.png,0
020457.png,1
020458.png,0
020459.png,0
020460.png,1
020461.png,0
020462.png,0
020463.png,0
020464.png,0
020465.png,0
020466.png,0
020467.png,0
020468.png,0
020469.png,0
020470.png,0
020471.png,0
020472.png,0
020473.png,0
020474.png,1
020475.png,0
020476.png,0
020477.png,0
020478.png,0
020479.png,0
020480.png,0
020481.png,0
020482.png,1
020483.png,0
020484.png,0
020485.png,0
020486.png,0
020487.png,0
020488.png,0
020489.png,0
020490.png,0
020491.png,0
020492.png,0
020493.png,0
020494.png,1
020495.png,0
020496.png,0
020497.png,0
020498.png,0
020499.png,0
020500.png,0
020501.png,0
020502.png,0
020503.png,0
020504.png,0
020505.png,0
020506.png,0
020507.png,0
020508.png,0
020509.png,0
020510.png,0
020511.png,0
020512.png,1
020513.png,0
020514.png,0
020515.png,0
020516.png,0
020517.png,0
020518.png,0
020519.png,0
020520.png,0
020521.png,1
020522.png,1
020523.png,0
020524.png,0
020525.png,0
020526.png,0
020527.png,1
020528.png,0
020529.png,0
020530.png,0
020531.png,0
020532.png,0
020533.png,1
020534.png,0
020535.png,1
020536.png,0
020537.png,0
020538.png,0
020539.png,0
020540.png,0
020541.png,0
020542.png,0
020543.png,0
020544.png,0
020545.png,1
020546.png,0
020547.png,0
020548.png,0
020549.png,1
020550.png,0
020551.png,0
020552.png,0
020553.png,0
020554.png,0
020555.png,0
020556.png,0
020557.png,0
020558.png,0
020559.png,0
020560.png,0
020561.png,0
020562.png,0
020563.png,1
020564.png,1
020565.png,0
020566.png,0
020567.png,0
020568.png,0
020569.png,0
020570.png,1
020571.png,0
020572.png,0
020573.png,0
020574.png,0
020575.png,0
020576.png,0
020577.png,0
020578.png,0
020579.png,1
020580.png,0
020581.png,0
020582.png,0
020583.png,0
020584.png,0
020585.png,0
020586.png,0
020587.png,0
020588.png,1
020589.png,1
020590.png,0
020591.png,0
020592.png,0
020593.png,0
020594.png,1
020595.png,0
020596.png,0
020597.png,0
020598.png,0
020599.png,1
020600.png,0
020601.png,0
020602.png,0
020603.png,0
020604.png,0
020605.png,0
020606.png,0
020607.png,0
020608.png,0
020609.png,0
020610.png,0
020611.png,0
020612.png,1
020613.png,0
020614.png,0
020615.png,0
020616.png,0
020617.png,0
020618.png,1
020619.png,0
020620.png,0
020621.png,0
020622.png,0
020623.png,0
020624.png,0
020625.png,0
020626.png,0
020627.png,0
020628.png,0
020629.png,0
020630.png,1
020631.png,0
020632.png,0
020633.png,0
020634.png,0
020635.png,0
020636.png,0
020637.png,0
020638.png,0
020639.png,0
020640.png,0
020641.png,0
020642.png,0
020643.png,0
020644.png,0
020645.png,0
020646.png,1
020647.png,0
020648.png,0
020649.png,0
020650.png,0
020651.png,0
020652.png,1
020653.png,0
020654.png,0
020655.png,0
020656.png,0
020657.png,0
020658.png,0
020659.png,0
020660.png,0
020661.png,0
020662.png,0
020663.png,0
020664.png,0
020665.png,0
020666.png,0
020667.png,1
020668.png,0
020669.png,0
020670.png,1
020671.png,0
020672.png,1
020673.png,1
020674.png,0
020675.png,0
020676.png,0
020677.png,0
020678.png,0
020679.png,0
020680.png,0
020681.png,0
020682.png,0
020683.png,0
020684.png,0
020685.png,0
020686.png,0
020687.png,0
020688.png,0
020689.png,0
020690.png,0
020691.png,1
020692.png,1
020693.png,0
020694.png,0
020695.png,0
020696.png,0
020697.png,0
020698.png,0
020699.png,0
020700.png,0
020701.png,0
020702.png,0
020703.png,0
020704.png,0
020705.png,0
020706.png,0
020707.png,0
020708.png,0
020709.png,1
020710.png,0
020711.png,0
020712.png,0
020713.png,0
020714.png,0
020715.png,0
020716.png,0
020717.png,1
020718.png,0
020719.png,0
020720.png,0
020721.png,0
020722.png,0
020723.png,1
020724.png,1
020725.png,0
020726.png,0
020727.png,0
020728.png,0
020729.png,0
020730.png,0
020731.png,0
020732.png,0
020733.png,1
020734.png,0
020735.png,0
020736.png,0
020737.png,1
020738.png,0
020739.png,0
020740.png,0
020741.png,0
020742.png,0
020743.png,1
020744.png,1
020745.png,0
020746.png,0
020747.png,0
020748.png,0
020749.png,1
020750.png,0
020751.png,0
020752.png,0
020753.png,0
020754.png,0
020755.png,0
020756.png,1
020757.png,0
020758.png,0
020759.png,0
020760.png,0
020761.png,0
020762.png,0
020763.png,0
020764.png,0
020765.png,0
020766.png,0
020767.png,0
020768.png,0
020769.png,0
020770.png,0
020771.png,0
020772.png,0
020773.png,1
020774.png,0
020775.png,0
020776.png,0
020777.png,0
020778.png,0
020779.png,0
020780.png,0
020781.png,0
020782.png,1
020783.png,0
020784.png,0
020785.png,0
020786.png,0
020787.png,0
020788.png,0
020789.png,0
020790.png,0
020791.png,1
020792.png,1
020793.png,0
020794.png,0
020795.png,0
020796.png,0
020797.png,0
020798.png,0
020799.png,0
020800.png,0
020801.png,0
020802.png,0
020803.png,0
020804.png,1
020805.png,0
020806.png,0
020807.png,1
020808.png,1
020809.png,0
020810.png,0
020811.png,0
020812.png,0
020813.png,1
020814.png,1
020815.png,0
020816.png,0
020817.png,0
020818.png,0
020819.png,0
020820.png,0
020821.png,0
020822.png,0
020823.png,0
020824.png,0
020825.png,0
020826.png,0
020827.png,1
020828.png,0
020829.png,0
020830.png,1
020831.png,0
020832.png,1
020833.png,0
020834.png,0
020835.png,0
020836.png,0
020837.png,0
020838.png,0
020839.png,0
020840.png,0
020841.png,0
020842.png,0
020843.png,0
020844.png,0
020845.png,0
020846.png,0
020847.png,0
020848.png,0
020849.png,0
020850.png,0
020851.png,0
020852.png,0
020853.png,0
020854.png,0
020855.png,0
020856.png,0
020857.png,0
020858.png,0
020859.png,1
020860.png,0
020861.png,0
020862.png,0
020863.png,0
020864.png,0
020865.png,0
020866.png,0
020867.png,0
020868.png,0
020869.png,0
020870.png,0
020871.png,0
020872.png,0
020873.png,0
020874.png,1
020875.png,1
020876.png,0
020877.png,0
020878.png,1
020879.png,0
020880.png,0
020881.png,0
020882.png,0
020883.png,0
020884.png,0
020885.png,0
020886.png,0
020887.png,0
020888.png,0
020889.png,0
020890.png,1
020891.png,1
020892.png,1
020893.png,1
020894.png,1
020895.png,0
020896.png,0
020897.png,0
020898.png,0
020899.png,0
020900.png,0
020901.png,0
020902.png,0
020903.png,0
020904.png,0
020905.png,0
020906.png,1
020907.png,0
020908.png,0
020909.png,0
020910.png,1
020911.png,0
020912.png,0
020913.png,1
020914.png,0
020915.png,0
020916.png,0
020917.png,0
020918.png,0
020919.png,1
020920.png,1
020921.png,0
020922.png,0
020923.png,1
020924.png,0
020925.png,0
020926.png,0
020927.png,0
020928.png,0
020929.png,0
020930.png,0
020931.png,0
020932.png,0
020933.png,0
020934.png,0
020935.png,1
020936.png,0
020937.png,0
020938.png,0
020939.png,0
020940.png,0
020941.png,1
020942.png,0
020943.png,0
020944.png,0
020945.png,1
020946.png,0
020947.png,0
020948.png,0
020949.png,0
020950.png,0
020951.png,1
020952.png,0
020953.png,0
020954.png,0
020955.png,0
020956.png,0
020957.png,0
020958.png,0
020959.png,0
020960.png,0
020961.png,1
020962.png,0
020963.png,0
020964.png,0
020965.png,0
020966.png,0
020967.png,0
020968.png,0
020969.png,0
020970.png,0
020971.png,0
020972.png,0
020973.png,0
020974.png,0
020975.png,0
020976.png,0
020977.png,0
020978.png,0
020979.png,1
020980.png,0
020981.png,0
020982.png,0
020983.png,0
020984.png,0
020985.png,0
020986.png,0
020987.png,0
020988.png,0
020989.png,1
020990.png,0
020991.png,0
020992.png,1
020993.png,0
020994.png,0
020995.png,0
020996.png,0
020997.png,1
020998.png,0
020999.png,0
021000.png,0
021001.png,0
021002.png,0
021003.png,0
021004.png,0
021005.png,0
021006.png,0
021007.png,0
021008.png,0
021009.png,0
021010.png,0
021011.png,0
021012.png,0
021013.png,0
021014.png,0
021015.png,0
021016.png,0
021017.png,1
021018.png,0
021019.png,0
021020.png,0
021021.png,0
021022.png,1
021023.png,0
021024.png,1
021025.png,0
021026.png,0
021027.png,0
021028.png,0
021029.png,1
021030.png,0
021031.png,0
021032.png,0
021033.png,0
021034.png,0
021035.png,0
021036.png,0
021037.png,0
021038.png,0
021039.png,0
021040.png,0
021041.png,0
021042.png,0
021043.png,0
021044.png,0
021045.png,1
021046.png,0
021047.png,0
021048.png,0
021049.png,0
021050.png,1
021051.png,0
021052.png,0
021053.png,0
021054.png,0
021055.png,0
021056.png,0
021057.png,0
021058.png,0
021059.png,0
021060.png,0
021061.png,1
021062.png,0
021063.png,0
021064.png,0
021065.png,1
021066.png,0
021067.png,0
021068.png,0
021069.png,0
021070.png,0
021071.png,1
021072.png,0
021073.png,0
021074.png,0
021075.png,1
021076.png,0
021077.png,0
021078.png,0
021079.png,0
021080.png,0
021081.png,0
021082.png,0
021083.png,0
021084.png,0
021085.png,1
021086.png,0
021087.png,0
021088.png,0
021089.png,0
021090.png,0
021091.png,0
021092.png,0
021093.png,0
021094.png,0
021095.png,0
021096.png,0
021097.png,0
021098.png,0
021099.png,0
021100.png,0
021101.png,0
021102.png,0
021103.png,0
021104.png,1
021105.png,0
021106.png,0
021107.png,0
021108.png,1
021109.png,1
021110.png,0
021111.png,0
021112.png,0
021113.png,0
021114.png,0
021115.png,0
021116.png,0
021117.png,0
021118.png,0
021119.png,0
021120.png,0
021121.png,0
021122.png,0
021123.png,0
021124.png,0
021125.png,0
021126.png,0
021127.png,0
021128.png,0
021129.png,0
021130.png,0
021131.png,0
021132.png,0
021133.png,0
021134.png,1
021135.png,1
021136.png,0
021137.png,1
021138.png,0
021139.png,1
021140.png,1
021141.png,0
021142.png,0
021143.png,0
021144.png,0
021145.png,0
021146.png,0
021147.png,0
021148.png,0
021149.png,0
021150.png,0
021151.png,1
021152.png,1
021153.png,0
021154.png,0
021155.png,0
021156.png,0
021157.png,0
021158.png,0
021159.png,0
021160.png,1
021161.png,1
021162.png,0
021163.png,0
021164.png,0
021165.png,0
021166.png,0
021167.png,1
021168.png,0
021169.png,0
021170.png,1
021171.png,0
021172.png,0
021173.png,0
021174.png,0
021175.png,0
021176.png,0
021177.png,0
021178.png,0
021179.png,1
021180.png,1
021181.png,0
021182.png,0
021183.png,0
021184.png,0
021185.png,0
021186.png,0
021187.png,0
021188.png,0
021189.png,1
021190.png,0
021191.png,0
021192.png,0
021193.png,0
021194.png,0
021195.png,0
021196.png,0
021197.png,1
021198.png,0
021199.png,0
021200.png,0
021201.png,0
021202.png,0
021203.png,0
021204.png,1
021205.png,0
021206.png,1
021207.png,0
021208.png,0
021209.png,0
021210.png,0
021211.png,0
021212.png,0
021213.png,0
021214.png,1
021215.png,0
021216.png,0
021217.png,0
021218.png,0
021219.png,0
021220.png,0
021221.png,0
021222.png,0
021223.png,0
021224.png,0
021225.png,0
021226.png,0
021227.png,0
021228.png,0
021229.png,1
021230.png,0
021231.png,0
021232.png,0
021233.png,1
021234.png,0
021235.png,0
021236.png,0
021237.png,0
021238.png,0
021239.png,0
021240.png,0
021241.png,1
021242.png,1
021243.png,0
021244.png,0
021245.png,1
021246.png,0
021247.png,0
021248.png,0
021249.png,0
021250.png,0
021251.png,0
021252.png,0
021253.png,0
021254.png,0
021255.png,0
021256.png,0
021257.png,0
021258.png,0
021259.png,0
021260.png,0
021261.png,0
021262.png,0
021263.png,0
021264.png,0
021265.png,0
021266.png,1
021267.png,0
021268.png,0
021269.png,0
021270.png,0
021271.png,0
021272.png,0
021273.png,0
021274.png,0
021275.png,0
021276.png,0
021277.png,0
021278.png,0
021279.png,1
021280.png,0
021281.png,0
021282.png,0
021283.png,1
021284.png,0
021285.png,0
021286.png,0
021287.png,0
021288.png,1
021289.png,0
021290.png,0
021291.png,0
021292.png,0
021293.png,0
021294.png,0
021295.png,1
021296.png,0
021297.png,0
021298.png,0
021299.png,0
021300.png,0
021301.png,0
021302.png,0
021303.png,0
021304.png,1
021305.png,0
021306.png,0
021307.png,1
021308.png,1
021309.png,1
021310.png,0
021311.png,0
021312.png,0
021313.png,0
021314.png,0
021315.png,0
021316.png,0
021317.png,0
021318.png,0
021319.png,0
021320.png,0
021321.png,1
021322.png,0
021323.png,0
021324.png,0
021325.png,0
021326.png,0
021327.png,0
021328.png,0
021329.png,0
021330.png,0
021331.png,0
021332.png,0
021333.png,0
021334.png,0
021335.png,0
021336.png,1
021337.png,0
021338.png,0
021339.png,0
021340.png,0
021341.png,0
021342.png,0
021343.png,1
021344.png,0
021345.png,0
021346.png,0
021347.png,0
021348.png,0
021349.png,0
021350.png,0
021351.png,0
021352.png,0
021353.png,0
021354.png,0
021355.png,1
021356.png,1
021357.png,0
021358.png,0
021359.png,0
021360.png,0
021361.png,0
021362.png,0
021363.png,0
021364.png,0
021365.png,0
021366.png,0
021367.png,0
021368.png,0
021369.png,1
021370.png,0
021371.png,0
021372.png,0
021373.png,0
021374.png,0
021375.png,1
021376.png,0
021377.png,0
021378.png,0
021379.png,1
021380.png,0
021381.png,0
021382.png,0
021383.png,0
021384.png,0
021385.png,0
021386.png,0
021387.png,1
021388.png,0
021389.png,0
021390.png,0
021391.png,0
021392.png,0
021393.png,0
021394.png,0
021395.png,0
021396.png,0
021397.png,0
021398.png,1
021399.png,0
021400.png,1
021401.png,0
021402.png,0
021403.png,0
021404.png,0
021405.png,0
021406.png,0
021407.png,0
021408.png,0
021409.png,0
021410.png,0
021411.png,0
021412.png,0
021413.png,1
021414.png,0
021415.png,0
021416.png,0
021417.png,0
021418.png,1
021419.png,0
021420.png,1
021421.png,1
021422.png,1
021423.png,0
021424.png,0
021425.png,1
021426.png,0
021427.png,0
021428.png,0
021429.png,0
021430.png,0
021431.png,0
021432.png,0
021433.png,0
021434.png,0
021435.png,0
021436.png,0
021437.png,0
021438.png,0
021439.png,0
021440.png,0
021441.png,0
021442.png,0
021443.png,0
021444.png,0
021445.png,0
021446.png,0
021447.png,0
021448.png,0
021449.png,0
021450.png,1
021451.png,0
021452.png,0
021453.png,0
021454.png,1
021455.png,0
021456.png,0
021457.png,0
021458.png,0
021459.png,0
021460.png,0
021461.png,1
021462.png,0
021463.png,0
021464.png,0
021465.png,0
021466.png,1
021467.png,1
021468.png,0
021469.png,0
021470.png,0
021471.png,0
021472.png,1
021473.png,0
021474.png,0
021475.png,0
021476.png,1
021477.png,0
021478.png,0
021479.png,0
021480.png,0
021481.png,1
021482.png,0
021483.png,0
021484.png,0
021485.png,0
021486.png,1
021487.png,1
021488.png,0
021489.png,0
021490.png,0
021491.png,0
021492.png,0
021493.png,0
021494.png,0
021495.png,0
021496.png,1
021497.png,0
021498.png,0
021499.png,0
021500.png,1
021501.png,0
021502.png,0
021503.png,0
021504.png,0
021505.png,0
021506.png,0
021507.png,0
021508.png,0
021509.png,0
021510.png,0
021511.png,0
021512.png,0
021513.png,1
021514.png,0
021515.png,0
021516.png,0
021517.png,0
021518.png,0
021519.png,0
021520.png,0
021521.png,0
021522.png,1
021523.png,1
021524.png,1
021525.png,0
021526.png,0
021527.png,0
021528.png,1
021529.png,0
021530.png,0
021531.png,0
021532.png,0
021533.png,1
021534.png,0
021535.png,0
021536.png,0
021537.png,0
021538.png,0
021539.png,0
021540.png,0
021541.png,0
021542.png,0
021543.png,0
021544.png,0
021545.png,0
021546.png,0
021547.png,0
021548.png,0
021549.png,0
021550.png,0
021551.png,0
021552.png,0
021553.png,0
021554.png,1
021555.png,0
021556.png,1
021557.png,0
021558.png,0
021559.png,0
021560.png,0
021561.png,0
021562.png,0
021563.png,1
021564.png,0
021565.png,0
021566.png,0
021567.png,0
021568.png,0
021569.png,0
021570.png,0
021571.png,1
021572.png,0
021573.png,1
021574.png,0
021575.png,0
021576.png,1
021577.png,0
021578.png,0
021579.png,0
021580.png,0
021581.png,1
021582.png,0
021583.png,0
021584.png,0
021585.png,0
021586.png,0
021587.png,1
021588.png,0
021589.png,0
021590.png,1
021591.png,0
021592.png,0
021593.png,1
021594.png,0
021595.png,0
021596.png,0
021597.png,1
021598.png,0
021599.png,0
021600.png,0
021601.png,0
021602.png,0
021603.png,0
021604.png,0
021605.png,0
021606.png,0
021607.png,0
021608.png,0
021609.png,1
021610.png,0
021611.png,0
021612.png,0
021613.png,0
021614.png,0
021615.png,0
021616.png,0
021617.png,0
021618.png,0
021619.png,1
021620.png,0
021621.png,0
021622.png,1
021623.png,0
021624.png,0
021625.png,0
021626.png,0
021627.png,0
021628.png,0
021629.png,0
021630.png,0
021631.png,0
021632.png,0
021633.png,0
021634.png,0
021635.png,0
021636.png,0
021637.png,0
021638.png,0
021639.png,0
021640.png,0
021641.png,0
021642.png,0
021643.png,0
021644.png,1
021645.png,0
021646.png,0
021647.png,0
021648.png,0
021649.png,1
021650.png,0
021651.png,0
021652.png,0
021653.png,0
021654.png,1
021655.png,0
021656.png,0
021657.png,0
021658.png,1
021659.png,0
021660.png,0
021661.png,0
021662.png,0
021663.png,0
021664.png,0
021665.png,0
021666.png,0
021667.png,1
021668.png,0
021669.png,0
021670.png,1
021671.png,0
021672.png,1
021673.png,1
021674.png,0
021675.png,0
021676.png,0
021677.png,0
021678.png,0
021679.png,1
021680.png,0
021681.png,0
021682.png,0
021683.png,0
021684.png,0
021685.png,0
021686.png,0
021687.png,0
021688.png,0
021689.png,0
021690.png,0
021691.png,0
021692.png,0
021693.png,0
021694.png,0
021695.png,0
021696.png,0
021697.png,0
021698.png,0
021699.png,0
021700.png,0
021701.png,0
021702.png,0
021703.png,1
021704.png,0
021705.png,0
021706.png,0
021707.png,0
021708.png,0
021709.png,0
021710.png,0
021711.png,0
021712.png,0
021713.png,0
021714.png,0
021715.png,0
021716.png,0
021717.png,0
021718.png,1
021719.png,0
021720.png,0
021721.png,0
021722.png,0
021723.png,0
021724.png,0
021725.png,0
021726.png,1
021727.png,0
021728.png,0
021729.png,0
021730.png,0
021731.png,1
021732.png,0
021733.png,0
021734.png,0
021735.png,0
021736.png,0
021737.png,0
021738.png,0
021739.png,1
021740.png,1
021741.png,0
021742.png,0
021743.png,0
021744.png,0
021745.png,1
021746.png,0
021747.png,0
021748.png,0
021749.png,0
021750.png,0
021751.png,0
021752.png,0
021753.png,1
021754.png,0
021755.png,0
021756.png,0
021757.png,0
021758.png,0
021759.png,0
021760.png,0
021761.png,0
021762.png,0
021763.png,0
021764.png,0
021765.png,0
021766.png,0
021767.png,0
021768.png,0
021769.png,0
021770.png,0
021771.png,0
021772.png,0
021773.png,0
021774.png,0
021775.png,0
021776.png,0
021777.png,0
021778.png,0
021779.png,0
021780.png,0
021781.png,0
021782.png,0
021783.png,0
021784.png,0
021785.png,0
021786.png,0
021787.png,0
021788.png,0
021789.png,0
021790.png,0
021791.png,1
021792.png,0
021793.png,0
021794.png,0
021795.png,0
021796.png,0
021797.png,0
021798.png,0
021799.png,0
021800.png,0
021801.png,1
021802.png,0
021803.png,0
021804.png,0
021805.png,0
021806.png,0
021807.png,0
021808.png,0
021809.png,1
021810.png,0
021811.png,0
021812.png,0
021813.png,1
021814.png,0
021815.png,0
021816.png,0
021817.png,0
021818.png,0
021819.png,0
021820.png,1
021821.png,0
021822.png,0
021823.png,0
021824.png,0
021825.png,0
021826.png,0
021827.png,0
021828.png,0
021829.png,0
021830.png,1
021831.png,1
021832.png,1
021833.png,0
021834.png,0
021835.png,0
021836.png,0
021837.png,0
021838.png,0
021839.png,0
021840.png,0
021841.png,1
021842.png,0
021843.png,0
021844.png,0
021845.png,0
021846.png,1
021847.png,0
021848.png,0
021849.png,0
021850.png,0
021851.png,1
021852.png,0
021853.png,0
021854.png,0
021855.png,0
021856.png,0
021857.png,1
021858.png,0
021859.png,0
021860.png,0
021861.png,0
021862.png,0
021863.png,0
021864.png,0
021865.png,0
021866.png,0
021867.png,1
021868.png,0
021869.png,0
021870.png,0
021871.png,0
021872.png,0
021873.png,0
021874.png,0
021875.png,0
021876.png,0
021877.png,0
021878.png,0
021879.png,0
021880.png,0
021881.png,0
021882.png,0
021883.png,0
021884.png,0
021885.png,0
021886.png,0
021887.png,0
021888.png,0
021889.png,1
021890.png,0
021891.png,0
021892.png,0
021893.png,0
021894.png,0
021895.png,0
021896.png,1
021897.png,0
021898.png,0
021899.png,0
021900.png,1
021901.png,0
021902.png,0
021903.png,0
021904.png,1
021905.png,0
021906.png,0
021907.png,0
021908.png,0
021909.png,0
021910.png,1
021911.png,1
021912.png,0
021913.png,0
021914.png,0
021915.png,0
021916.png,0
021917.png,0
021918.png,0
021919.png,0
021920.png,0
021921.png,0
021922.png,0
021923.png,0
021924.png,0
021925.png,0
021926.png,0
021927.png,0
021928.png,1
021929.png,0
021930.png,0
021931.png,0
021932.png,0
021933.png,0
021934.png,0
021935.png,0
021936.png,0
021937.png,0
021938.png,1
021939.png,0
021940.png,0
021941.png,0
021942.png,0
021943.png,0
021944.png,0
021945.png,0
021946.png,0
021947.png,0
021948.png,0
021949.png,0
021950.png,0
021951.png,0
021952.png,0
021953.png,0
021954.png,0
021955.png,0
021956.png,0
021957.png,0
021958.png,0
021959.png,1
021960.png,0
021961.png,0
021962.png,0
021963.png,0
021964.png,0
021965.png,0
021966.png,0
021967.png,0
021968.png,1
021969.png,1
021970.png,0
021971.png,0
021972.png,0
021973.png,0
021974.png,0
021975.png,0
021976.png,0
021977.png,0
021978.png,0
021979.png,0
021980.png,0
021981.png,0
021982.png,0
021983.png,1
021984.png,1
021985.png,0
021986.png,0
021987.png,0
021988.png,1
021989.png,1
021990.png,0
021991.png,0
021992.png,0
021993.png,0
021994.png,0
021995.png,0
021996.png,0
021997.png,0
021998.png,0
021999.png,0
022000.png,0
022001.png,0
022002.png,1
022003.png,0
022004.png,0
022005.png,0
022006.png,0
022007.png,0
022008.png,0
022009.png,1
022010.png,0
022011.png,0
022012.png,0
022013.png,0
022014.png,0
022015.png,1
022016.png,0
022017.png,0
022018.png,0
022019.png,0
022020.png,0
022021.png,0
022022.png,0
022023.png,0
022024.png,0
022025.png,0
022026.png,0
022027.png,0
022028.png,0
022029.png,0
022030.png,0
022031.png,0
022032.png,0
022033.png,0
022034.png,0
022035.png,1
022036.png,0
022037.png,0
022038.png,0
022039.png,0
022040.png,0
022041.png,0
022042.png,0
022043.png,0
022044.png,0
022045.png,0
022046.png,0
022047.png,0
022048.png,0
022049.png,0
022050.png,0
022051.png,1
022052.png,0
022053.png,0
022054.png,0
022055.png,0
022056.png,0
022057.png,0
022058.png,0
022059.png,0
022060.png,0
022061.png,0
022062.png,0
022063.png,0
022064.png,0
022065.png,0
022066.png,0
022067.png,0
022068.png,0
022069.png,0
022070.png,0
022071.png,0
022072.png,0
022073.png,0
022074.png,0
022075.png,0
022076.png,0
022077.png,0
022078.png,0
022079.png,1
022080.png,0
022081.png,0
022082.png,0
022083.png,1
022084.png,1
022085.png,0
022086.png,1
022087.png,0
022088.png,0
022089.png,0
022090.png,1
022091.png,1
022092.png,0
022093.png,0
022094.png,0
022095.png,0
022096.png,0
022097.png,0
022098.png,0
022099.png,1
022100.png,0
022101.png,0
022102.png,0
022103.png,1
022104.png,0
022105.png,0
022106.png,0
022107.png,0
022108.png,0
022109.png,0
022110.png,0
022111.png,0
022112.png,0
022113.png,0
022114.png,0
022115.png,1
022116.png,0
022117.png,0
022118.png,0
022119.png,0
022120.png,0
022121.png,0
022122.png,0
022123.png,1
022124.png,0
022125.png,1
022126.png,1
022127.png,0
022128.png,0
022129.png,0
022130.png,0
022131.png,0
022132.png,0
022133.png,1
022134.png,0
022135.png,0
022136.png,0
022137.png,0
022138.png,1
022139.png,0
022140.png,0
022141.png,0
022142.png,0
022143.png,0
022144.png,0
022145.png,0
022146.png,0
022147.png,0
022148.png,0
022149.png,0
